workload,mode,stage,input_bytes,findings,sources,overlap,iterations,ns_per_op,allocation_calls,requested_bytes,output_bytes,repetition
empty,irreversible,planner,0,0,1,none,1000,31,0,0,0,1
empty,irreversible,constructor,0,0,1,none,1000,63,0,0,0,1
empty,irreversible,end-to-end,0,0,1,none,1000,47,0,0,0,1
empty,reversible-dummy,end-to-end,0,0,1,none,1000,36,0,0,0,1
small-log-core,irreversible,planner,256,4,1,none,2000,2955,3,736,260,1
small-log-core,irreversible,constructor,256,4,1,none,2000,1433,1,260,260,1
small-log-core,irreversible,end-to-end,256,4,1,none,2000,1362,4,996,260,1
small-log-core,reversible-dummy,end-to-end,256,4,1,none,2000,6653,11,1696,352,1
small-log,irreversible,planner,256,4,3,none,2000,947,3,736,260,1
small-log,irreversible,constructor,256,4,3,none,2000,495,1,260,260,1
small-log,irreversible,end-to-end,256,4,3,none,2000,2846,4,996,260,1
small-log,reversible-dummy,end-to-end,256,4,3,none,2000,6202,11,1696,352,1
expansion,irreversible,planner,256,64,3,none,500,5851,3,11776,823,1
expansion,irreversible,constructor,256,64,3,none,500,132443,1,823,823,1
expansion,irreversible,end-to-end,256,64,3,none,500,41573,4,12599,823,1
expansion,reversible-dummy,end-to-end,256,64,3,none,500,99712,71,23744,2240,1
shrinkage,irreversible,planner,65536,16,3,none,100,82175,3,2944,49303,1
shrinkage,irreversible,constructor,65536,16,3,none,100,4592,1,49303,49303,1
shrinkage,irreversible,end-to-end,65536,16,3,none,100,567443,4,52247,49303,1
shrinkage,reversible-dummy,end-to-end,65536,16,3,none,100,1401452,23,55040,49664,1
large-input,irreversible,planner,1048576,128,3,none,20,1293767,3,23552,1047828,1
large-input,irreversible,constructor,1048576,128,3,none,20,218168,1,1047828,1047828,1
large-input,irreversible,end-to-end,1048576,128,3,none,20,1479927,4,1071380,1047828,1
large-input,reversible-dummy,end-to-end,1048576,128,3,none,20,12415010,135,1093632,1050624,1
high-count,irreversible,planner,100000,100000,3,none,3,44796201,3,18400000,1288895,1
high-count,irreversible,constructor,100000,100000,3,none,3,12014653,1,1288895,1288895,1
high-count,irreversible,end-to-end,100000,100000,3,none,3,100383201,4,19688895,1288895,1
high-count,reversible-dummy,end-to-end,100000,100000,3,none,3,453518253,100007,36800000,3200000,1
dense-overlap,irreversible,planner,65536,50000,3,dense,5,3884506,3,4800088,14522,1
dense-overlap,irreversible,constructor,65536,50000,3,dense,5,4918,1,14522,14522,1
dense-overlap,irreversible,end-to-end,65536,50000,3,dense,5,4139904,4,4814610,14522,1
dense-overlap,reversible-dummy,end-to-end,65536,50000,3,dense,5,2677622,8,4814785,14545,1
empty,irreversible,planner,0,0,1,none,1000,35,0,0,0,2
empty,irreversible,constructor,0,0,1,none,1000,84,0,0,0,2
empty,irreversible,end-to-end,0,0,1,none,1000,58,0,0,0,2
empty,reversible-dummy,end-to-end,0,0,1,none,1000,63,0,0,0,2
small-log-core,irreversible,planner,256,4,1,none,2000,1064,3,736,260,2
small-log-core,irreversible,constructor,256,4,1,none,2000,441,1,260,260,2
small-log-core,irreversible,end-to-end,256,4,1,none,2000,1565,4,996,260,2
small-log-core,reversible-dummy,end-to-end,256,4,1,none,2000,5600,11,1696,352,2
small-log,irreversible,planner,256,4,3,none,2000,1396,3,736,260,2
small-log,irreversible,constructor,256,4,3,none,2000,373,1,260,260,2
small-log,irreversible,end-to-end,256,4,3,none,2000,1982,4,996,260,2
small-log,reversible-dummy,end-to-end,256,4,3,none,2000,6132,11,1696,352,2
expansion,irreversible,planner,256,64,3,none,500,5211,3,11776,823,2
expansion,irreversible,constructor,256,64,3,none,500,2792,1,823,823,2
expansion,irreversible,end-to-end,256,64,3,none,500,10016,4,12599,823,2
expansion,reversible-dummy,end-to-end,256,64,3,none,500,312307,71,23744,2240,2
shrinkage,irreversible,planner,65536,16,3,none,100,63842,3,2944,49303,2
shrinkage,irreversible,constructor,65536,16,3,none,100,3964,1,49303,49303,2
shrinkage,irreversible,end-to-end,65536,16,3,none,100,75058,4,52247,49303,2
shrinkage,reversible-dummy,end-to-end,65536,16,3,none,100,199830,23,55040,49664,2
large-input,irreversible,planner,1048576,128,3,none,20,956104,3,23552,1047828,2
large-input,irreversible,constructor,1048576,128,3,none,20,785968,1,1047828,1047828,2
large-input,irreversible,end-to-end,1048576,128,3,none,20,4721523,4,1071380,1047828,2
large-input,reversible-dummy,end-to-end,1048576,128,3,none,20,10750154,135,1093632,1050624,2
high-count,irreversible,planner,100000,100000,3,none,3,16002422,3,18400000,1288895,2
high-count,irreversible,constructor,100000,100000,3,none,3,5907077,1,1288895,1288895,2
high-count,irreversible,end-to-end,100000,100000,3,none,3,76732915,4,19688895,1288895,2
high-count,reversible-dummy,end-to-end,100000,100000,3,none,3,143210764,100007,36800000,3200000,2
dense-overlap,irreversible,planner,65536,50000,3,dense,5,2378485,3,4800088,14522,2
dense-overlap,irreversible,constructor,65536,50000,3,dense,5,5127,1,14522,14522,2
dense-overlap,irreversible,end-to-end,65536,50000,3,dense,5,2133148,4,4814610,14522,2
dense-overlap,reversible-dummy,end-to-end,65536,50000,3,dense,5,2047117,8,4814785,14545,2
empty,irreversible,planner,0,0,1,none,1000,21,0,0,0,3
empty,irreversible,constructor,0,0,1,none,1000,68,0,0,0,3
empty,irreversible,end-to-end,0,0,1,none,1000,49,0,0,0,3
empty,reversible-dummy,end-to-end,0,0,1,none,1000,51,0,0,0,3
small-log-core,irreversible,planner,256,4,1,none,2000,1630,3,736,260,3
small-log-core,irreversible,constructor,256,4,1,none,2000,385,1,260,260,3
small-log-core,irreversible,end-to-end,256,4,1,none,2000,1836,4,996,260,3
small-log-core,reversible-dummy,end-to-end,256,4,1,none,2000,5340,11,1696,352,3
small-log,irreversible,planner,256,4,3,none,2000,1003,3,736,260,3
small-log,irreversible,constructor,256,4,3,none,2000,428,1,260,260,3
small-log,irreversible,end-to-end,256,4,3,none,2000,1329,4,996,260,3
small-log,reversible-dummy,end-to-end,256,4,3,none,2000,4195,11,1696,352,3
expansion,irreversible,planner,256,64,3,none,500,4025,3,11776,823,3
expansion,irreversible,constructor,256,64,3,none,500,2560,1,823,823,3
expansion,irreversible,end-to-end,256,64,3,none,500,5919,4,12599,823,3
expansion,reversible-dummy,end-to-end,256,64,3,none,500,39055,71,23744,2240,3
shrinkage,irreversible,planner,65536,16,3,none,100,57435,3,2944,49303,3
shrinkage,irreversible,constructor,65536,16,3,none,100,4044,1,49303,49303,3
shrinkage,irreversible,end-to-end,65536,16,3,none,100,63635,4,52247,49303,3
shrinkage,reversible-dummy,end-to-end,65536,16,3,none,100,167866,23,55040,49664,3
large-input,irreversible,planner,1048576,128,3,none,20,774198,3,23552,1047828,3
large-input,irreversible,constructor,1048576,128,3,none,20,332000,1,1047828,1047828,3
large-input,irreversible,end-to-end,1048576,128,3,none,20,1076155,4,1071380,1047828,3
large-input,reversible-dummy,end-to-end,1048576,128,3,none,20,2352680,135,1093632,1050624,3
high-count,irreversible,planner,100000,100000,3,none,3,15296628,3,18400000,1288895,3
high-count,irreversible,constructor,100000,100000,3,none,3,5097948,1,1288895,1288895,3
high-count,irreversible,end-to-end,100000,100000,3,none,3,29206677,4,19688895,1288895,3
high-count,reversible-dummy,end-to-end,100000,100000,3,none,3,280579247,100007,36800000,3200000,3
dense-overlap,irreversible,planner,65536,50000,3,dense,5,2211781,3,4800088,14522,3
dense-overlap,irreversible,constructor,65536,50000,3,dense,5,4917,1,14522,14522,3
dense-overlap,irreversible,end-to-end,65536,50000,3,dense,5,1793792,4,4814610,14522,3
dense-overlap,reversible-dummy,end-to-end,65536,50000,3,dense,5,2006054,8,4814785,14545,3
